hotel_id,description_text
1001,Banyoda jakuzi bulunması büyük artıydı. Denize sıfır konumu sayesinde plaj erişimi mükemmeldi. Restoran personeli oldukça ilgiliydi. Çevre düzenlemesi ve bahçesi son derece güzeldi. İstanbul'un tarihi dokusu otelin yakınında hissediliyordu.
1001,Check-in ve check-out işlemleri hızlı ve sorunsuzdur. Hamam ve sauna tesisleri mükemmel durumdaydı. Toplam 7 km mesafede birçok misafir dostu restoran bulunuyor. İstanbul'un tarihi dokusu otelin yakınında hissediliyordu.
1001,A la carte menüsündeki deniz ürünleri tazeydi. Havuz alanı çok geniş ve temizdi. Toplam 5 km mesafede birçok misafir dostu restoran bulunuyor. İstanbul'un tarihi dokusu otelin yakınında hissediliyordu.
1001,Türkçe konuşan personel bulmak çok kolaylaştırdı iletişimi. Şehir merkezine yürüme mesafesindeydi. Klima sistemi sorunsuz çalışıyordu. Türk hamamı deneyimi unutulmazdı. Harika bir tatil geçirdik.<br/>Kesinlikle tavsiye ederim. İstanbul'un tarihi dokusu otelin yakınında hissediliyordu.
1002,"Havalimanına olan uzaklık mantıklıydı. Ses yalıtımı iyiydi, komşu seslerinden rahatsız olmadık. İstanbul'un tarihi dokusu otelin yakınında hissediliyordu."
1002,"Şikâyetlerimiz anında çözüldü, yönetim hassastı. Otelden sahile yürüyerek kolayca ulaşılıyordu. Fitness merkezi modern ekipmanlarla donatılmıştı. İstanbul'un tarihi dokusu otelin yakınında hissediliyordu."
1002,"Ulaşım imkânları yeterliydi, servis düzenliydi. Her şey dahil konsepti parasının hakkını veriyordu. Fitness merkezi modern ekipmanlarla donatılmıştı. İstanbul'un tarihi dokusu otelin yakınında hissediliyordu."
1003,"Barbekü akşamları otelin en keyifli anıydı. Fitness merkezi modern ekipmanlarla donatılmıştı. Odalar geniş ve ferahtı, temizliğe önem verilmişti. Erken rezervasyon indirimi sayesinde çok uygun fiyata kaldık. İstanbul'un tarihi dokusu otelin yakınında hissediliyordu."
1003,Klima sistemi sorunsuz çalışıyordu. Resepsiyon ekibi 7/24 ilgiliydi ve her sorumuzu çözüme kavuşturdu. Akşam yemekleri Türk mutfağının en güzel örneklerini sunuyordu. İstanbul'un tarihi dokusu otelin yakınında hissediliyordu.
1003,Fiyat-performans dengesi oldukça iyiydi. Banyoda jakuzi bulunması büyük artıydı. Toplam 3 km mesafede birçok misafir dostu restoran bulunuyor. İstanbul'un tarihi dokusu otelin yakınında hissediliyordu.
1004,Restoran personeli oldukça ilgiliydi. Çocuk havuzu ve kaydıraklar aileler için idealdi. Oda servisi hızlı ve eksiksizdi. Çevre düzenlemesi ve bahçesi son derece güzeldi. İstanbul'un tarihi dokusu otelin yakınında hissediliyordu.
1004,"Ekstra ücretler şeffaf bir şekilde bildirildi. Türk hamamı deneyimi unutulmazdı. Odalar geniş ve ferahtı, temizliğe önem verilmişti. Tarihi alanlara ve müzelere çok yakındı. Plaj erişimi kolaydı.<br/>Deniz suyu temizdi. İstanbul'un tarihi dokusu otelin yakınında hissediliyordu."
1004,"A la carte menüsündeki deniz ürünleri tazeydi. Resepsiyon ekibi 7/24 ilgiliydi ve her sorumuzu çözüme kavuşturdu. Otel plajı sakin ve özeldi, kalabalık değildi. İstanbul'un tarihi dokusu otelin yakınında hissediliyordu."
1004,Açık büfe kahvaltı çok zengin ve tazeydi. Resepsiyon ekibi 7/24 ilgiliydi ve her sorumuzu çözüme kavuşturdu. Havalimanına olan uzaklık mantıklıydı. İstanbul'un tarihi dokusu otelin yakınında hissediliyordu.
1005,A la carte menüsündeki deniz ürünleri tazeydi. Her şey dahil konsepti parasının hakkını veriyordu. Hamam ve sauna tesisleri mükemmel durumdaydı. Harika bir tatil geçirdik.<br/>Kesinlikle tavsiye ederim. İstanbul'un tarihi dokusu otelin yakınında hissediliyordu.
1005,"Fitness merkezi modern ekipmanlarla donatılmıştı. Şikâyetlerimiz anında çözüldü, yönetim hassastı. Akşam yemekleri Türk mutfağının en güzel örneklerini sunuyordu. Plaj erişimi kolaydı.<br/>Deniz suyu temizdi. İstanbul'un tarihi dokusu otelin yakınında hissediliyordu."
1005,"Personel güler yüzlü ve yardımseverdi. Deniz suyu tertemizdi, <br/>plaj şezlonları çok rahattı. Banyoda jakuzi bulunması büyük artıydı. Oda temizliği mükemmeldi.<br/>Personel çok ilgiliydi. İstanbul'un tarihi dokusu otelin yakınında hissediliyordu."
1005,Çevre düzenlemesi ve bahçesi son derece güzeldi. Personel güler yüzlü ve yardımseverdi. Balkon manzarası nefes kesiciydi. Ekstra ücretler şeffaf bir şekilde bildirildi. Toplam 7 km mesafede birçok misafir dostu restoran bulunuyor. İstanbul'un tarihi dokusu otelin yakınında hissediliyordu.
1006,"Ulaşım imkânları yeterliydi, servis düzenliydi. Concierge hizmeti tur önerileri için çok yardımcıydı. Ekstra ücretler şeffaf bir şekilde bildirildi. Özel plaj alanı oldukça bakımlıydı. Plaj erişimi kolaydı.<br/>Deniz suyu temizdi. İstanbul'un tarihi dokusu otelin yakınında hissediliyordu."
1006,Fitness merkezi modern ekipmanlarla donatılmıştı. Personel güler yüzlü ve yardımseverdi. İstanbul'un tarihi dokusu otelin yakınında hissediliyordu.
1006,Sabah kahvaltıları için sunulan peynir ve zeytin çeşitleri harikaydı. Personel güler yüzlü ve yardımseverdi. Verilen ücret için beklentilerin üzerinde hizmet aldık. İstanbul'un tarihi dokusu otelin yakınında hissediliyordu.
1006,Çocuk havuzu ve kaydıraklar aileler için idealdi. Havalimanına olan uzaklık mantıklıydı. Oda servisi hızlı ve eksiksizdi. Verilen ücret için beklentilerin üzerinde hizmet aldık. Oda temizliği mükemmeldi.<br/>Personel çok ilgiliydi. İstanbul'un tarihi dokusu otelin yakınında hissediliyordu.
1007,Barbekü akşamları otelin en keyifli anıydı. Her şey dahil konsepti parasının hakkını veriyordu. İstanbul'un tarihi dokusu otelin yakınında hissediliyordu.
1007,"Ulaşım imkânları yeterliydi, servis düzenliydi. Restoran personeli oldukça ilgiliydi. Erken rezervasyon indirimi sayesinde çok uygun fiyata kaldık. Ses yalıtımı iyiydi, komşu seslerinden rahatsız olmadık. Harika bir tatil geçirdik.<br/>Kesinlikle tavsiye ederim. Toplam 4 km mesafede birçok misafir dostu restoran bulunuyor. İstanbul'un tarihi dokusu otelin yakınında hissediliyordu."
1007,"Resepsiyon ekibi 7/24 ilgiliydi ve her sorumuzu çözüme kavuşturdu. Ekstra ücretler şeffaf bir şekilde bildirildi. Odalar geniş ve ferahtı, temizliğe önem verilmişti. Havalimanına olan uzaklık mantıklıydı. İstanbul'un tarihi dokusu otelin yakınında hissediliyordu."
1007,Concierge hizmeti tur önerileri için çok yardımcıydı. Erken rezervasyon indirimi sayesinde çok uygun fiyata kaldık. Konum merkeze yaklaşık 2 km mesafedeydi. Oda servisi hızlı ve eksiksizdi. Harika bir tatil geçirdik.<br/>Kesinlikle tavsiye ederim. İstanbul'un tarihi dokusu otelin yakınında hissediliyordu.
1008,"Yemek kalitesi fiyatıyla orantılıydı. Personel güler yüzlü ve yardımseverdi. Deniz suyu tertemizdi, <br/>plaj şezlonları çok rahattı. Klima sistemi sorunsuz çalışıyordu. Harika bir tatil geçirdik.<br/>Kesinlikle tavsiye ederim. İstanbul'un tarihi dokusu otelin yakınında hissediliyordu."
1008,Balkon manzarası nefes kesiciydi. Çocuk havuzu ve kaydıraklar aileler için idealdi. Check-in ve check-out işlemleri hızlı ve sorunsuzdur. İstanbul'un tarihi dokusu otelin yakınında hissediliyordu.
1008,"Türkçe konuşan personel bulmak çok kolaylaştırdı iletişimi. Spa ve wellness merkezi profesyonelce yönetiliyordu. Ses yalıtımı iyiydi, komşu seslerinden rahatsız olmadık. A la carte menüsündeki deniz ürünleri tazeydi. İstanbul'un tarihi dokusu otelin yakınında hissediliyordu."
1008,Denize sıfır konumu sayesinde plaj erişimi mükemmeldi. Türkçe konuşan personel bulmak çok kolaylaştırdı iletişimi. Çevre düzenlemesi ve bahçesi son derece güzeldi. İstanbul'un tarihi dokusu otelin yakınında hissediliyordu.
1009,Çevre düzenlemesi ve bahçesi son derece güzeldi. Masaj hizmetleri gerçekten rahatlatıcıydı. Verilen ücret için beklentilerin üzerinde hizmet aldık. Havuz alanı çok geniş ve temizdi. Antalya'nın muhteşem sahil şeridine bakan bir konumda yer alıyor.
1009,Concierge hizmeti tur önerileri için çok yardımcıydı. Yemek kalitesi fiyatıyla orantılıydı. Toplam 6 km mesafede birçok misafir dostu restoran bulunuyor. Antalya'nın muhteşem sahil şeridine bakan bir konumda yer alıyor.
1009,Akşam yemekleri Türk mutfağının en güzel örneklerini sunuyordu. Spa ve wellness merkezi profesyonelce yönetiliyordu. Antalya'nın muhteşem sahil şeridine bakan bir konumda yer alıyor.
1010,"Ulaşım imkânları yeterliydi, servis düzenliydi. Sabah kahvaltıları için sunulan peynir ve zeytin çeşitleri harikaydı. Harika bir tatil geçirdik.<br/>Kesinlikle tavsiye ederim. Antalya'nın muhteşem sahil şeridine bakan bir konumda yer alıyor."
1010,Şehir merkezine yürüme mesafesindeydi. Açık büfe kahvaltı çok zengin ve tazeydi. Özel plaj alanı oldukça bakımlıydı. Hamam ve sauna tesisleri mükemmel durumdaydı. Toplam 5 km mesafede birçok misafir dostu restoran bulunuyor. Antalya'nın muhteşem sahil şeridine bakan bir konumda yer alıyor.
1010,"A la carte menüsündeki deniz ürünleri tazeydi. Şikâyetlerimiz anında çözüldü, yönetim hassastı. Harika bir tatil geçirdik.<br/>Kesinlikle tavsiye ederim. Antalya'nın muhteşem sahil şeridine bakan bir konumda yer alıyor."
1011,Türk hamamı deneyimi unutulmazdı. Havuz alanı çok geniş ve temizdi. Oda servisi hızlı ve eksiksizdi. Barbekü akşamları otelin en keyifli anıydı. Antalya'nın muhteşem sahil şeridine bakan bir konumda yer alıyor.
1011,"Odalar geniş ve ferahtı, temizliğe önem verilmişti. Türkçe konuşan personel bulmak çok kolaylaştırdı iletişimi. Otel plajı sakin ve özeldi, kalabalık değildi. Antalya'nın muhteşem sahil şeridine bakan bir konumda yer alıyor."
1011,Resepsiyon ekibi 7/24 ilgiliydi ve her sorumuzu çözüme kavuşturdu. Yatak konforlu ve yastıklar kaliteliydi. Çocuk havuzu ve kaydıraklar aileler için idealdi. Harika bir tatil geçirdik.<br/>Kesinlikle tavsiye ederim. Antalya'nın muhteşem sahil şeridine bakan bir konumda yer alıyor.
1011,Türk hamamı deneyimi unutulmazdı. Her şey dahil konsepti parasının hakkını veriyordu. Havalimanına olan uzaklık mantıklıydı. Klima sistemi sorunsuz çalışıyordu. Antalya'nın muhteşem sahil şeridine bakan bir konumda yer alıyor.
1012,Türkçe konuşan personel bulmak çok kolaylaştırdı iletişimi. Hamam ve sauna tesisleri mükemmel durumdaydı. A la carte menüsündeki deniz ürünleri tazeydi. Yatak konforlu ve yastıklar kaliteliydi. Antalya'nın muhteşem sahil şeridine bakan bir konumda yer alıyor.
1012,"Deniz suyu tertemizdi, <br/>plaj şezlonları çok rahattı. Havalimanına olan uzaklık mantıklıydı. Yatak konforlu ve yastıklar kaliteliydi. Check-in ve check-out işlemleri hızlı ve sorunsuzdur. Antalya'nın muhteşem sahil şeridine bakan bir konumda yer alıyor."
1012,Fiyat-performans dengesi oldukça iyiydi. Sonsuzluk havuzu muhteşem bir manzara sunuyordu. Plaj erişimi kolaydı.<br/>Deniz suyu temizdi. Antalya'nın muhteşem sahil şeridine bakan bir konumda yer alıyor.
1013,"Deniz suyu tertemizdi, <br/>plaj şezlonları çok rahattı. Spa ve wellness merkezi profesyonelce yönetiliyordu. Türkçe konuşan personel bulmak çok kolaylaştırdı iletişimi. Havalimanına olan uzaklık mantıklıydı. Antalya'nın muhteşem sahil şeridine bakan bir konumda yer alıyor."
1013,"Erken rezervasyon indirimi sayesinde çok uygun fiyata kaldık. Şikâyetlerimiz anında çözüldü, yönetim hassastı. Özel plaj alanı oldukça bakımlıydı. Antalya'nın muhteşem sahil şeridine bakan bir konumda yer alıyor."
1013,A la carte menüsündeki deniz ürünleri tazeydi. Check-in ve check-out işlemleri hızlı ve sorunsuzdur. Antalya'nın muhteşem sahil şeridine bakan bir konumda yer alıyor.
1014,Her şey dahil konsepti parasının hakkını veriyordu. Şehir merkezine yürüme mesafesindeydi. Antalya'nın muhteşem sahil şeridine bakan bir konumda yer alıyor.
1014,Türk hamamı deneyimi unutulmazdı. Concierge hizmeti tur önerileri için çok yardımcıydı. Erken rezervasyon indirimi sayesinde çok uygun fiyata kaldık. Havuz alanı çok geniş ve temizdi. Plaj erişimi kolaydı.<br/>Deniz suyu temizdi. Antalya'nın muhteşem sahil şeridine bakan bir konumda yer alıyor.
1014,"Ulaşım imkânları yeterliydi, servis düzenliydi. Denize sıfır konumu sayesinde plaj erişimi mükemmeldi. Sabah kahvaltıları için sunulan peynir ve zeytin çeşitleri harikaydı. Toplam 1 km mesafede birçok misafir dostu restoran bulunuyor. Antalya'nın muhteşem sahil şeridine bakan bir konumda yer alıyor."
1014,Check-in ve check-out işlemleri hızlı ve sorunsuzdur. Fitness merkezi modern ekipmanlarla donatılmıştı. Antalya'nın muhteşem sahil şeridine bakan bir konumda yer alıyor.
1015,"Şikâyetlerimiz anında çözüldü, yönetim hassastı. Konum merkeze yaklaşık 2 km mesafedeydi. Spa ve wellness merkezi profesyonelce yönetiliyordu. Plaj erişimi kolaydı.<br/>Deniz suyu temizdi. Toplam 2 km mesafede birçok misafir dostu restoran bulunuyor. Antalya'nın muhteşem sahil şeridine bakan bir konumda yer alıyor."
1015,"Klima sistemi sorunsuz çalışıyordu. Şikâyetlerimiz anında çözüldü, yönetim hassastı. Ekstra ücretler şeffaf bir şekilde bildirildi. Antalya'nın muhteşem sahil şeridine bakan bir konumda yer alıyor."
1015,Özel plaj alanı oldukça bakımlıydı. Otelden sahile yürüyerek kolayca ulaşılıyordu. Oda servisi hızlı ve eksiksizdi. Her şey dahil konsepti parasının hakkını veriyordu. Antalya'nın muhteşem sahil şeridine bakan bir konumda yer alıyor.
1015,"Sabah kahvaltıları için sunulan peynir ve zeytin çeşitleri harikaydı. Odalar geniş ve ferahtı, temizliğe önem verilmişti. Oda temizliği mükemmeldi.<br/>Personel çok ilgiliydi. Antalya'nın muhteşem sahil şeridine bakan bir konumda yer alıyor."
1016,"Konum merkeze yaklaşık 2 km mesafedeydi. Ekstra ücretler şeffaf bir şekilde bildirildi. Deniz suyu tertemizdi, <br/>plaj şezlonları çok rahattı. Toplam 9 km mesafede birçok misafir dostu restoran bulunuyor. Antalya'nın muhteşem sahil şeridine bakan bir konumda yer alıyor."
1016,Açık büfe kahvaltı çok zengin ve tazeydi. Fitness merkezi modern ekipmanlarla donatılmıştı. Concierge hizmeti tur önerileri için çok yardımcıydı. Konum merkeze yaklaşık 2 km mesafedeydi. Antalya'nın muhteşem sahil şeridine bakan bir konumda yer alıyor.
1016,Her şey dahil konsepti parasının hakkını veriyordu. Çevre düzenlemesi ve bahçesi son derece güzeldi. Antalya'nın muhteşem sahil şeridine bakan bir konumda yer alıyor.
1017,Özel plaj alanı oldukça bakımlıydı. Balkon manzarası nefes kesiciydi. Her şey dahil konsepti parasının hakkını veriyordu. Bodrum'un yat limanı manzarası balkondan izlenebiliyordu.
1017,Denize sıfır konumu sayesinde plaj erişimi mükemmeldi. Klima sistemi sorunsuz çalışıyordu. Her şey dahil konsepti parasının hakkını veriyordu. Toplam 5 km mesafede birçok misafir dostu restoran bulunuyor. Bodrum'un yat limanı manzarası balkondan izlenebiliyordu.
1017,"Konum merkeze yaklaşık 2 km mesafedeydi. Sabah kahvaltıları için sunulan peynir ve zeytin çeşitleri harikaydı. Fiyat-performans dengesi oldukça iyiydi. Şikâyetlerimiz anında çözüldü, yönetim hassastı. Bodrum'un yat limanı manzarası balkondan izlenebiliyordu."
1017,Şehir merkezine yürüme mesafesindeydi. Resepsiyon ekibi 7/24 ilgiliydi ve her sorumuzu çözüme kavuşturdu. Akşam yemekleri Türk mutfağının en güzel örneklerini sunuyordu. Toplam 3 km mesafede birçok misafir dostu restoran bulunuyor. Bodrum'un yat limanı manzarası balkondan izlenebiliyordu.
1018,Ekstra ücretler şeffaf bir şekilde bildirildi. Türkçe konuşan personel bulmak çok kolaylaştırdı iletişimi. Bodrum'un yat limanı manzarası balkondan izlenebiliyordu.
1018,Personel güler yüzlü ve yardımseverdi. Masaj hizmetleri gerçekten rahatlatıcıydı. Verilen ücret için beklentilerin üzerinde hizmet aldık. Bodrum'un yat limanı manzarası balkondan izlenebiliyordu.
1018,Havalimanına olan uzaklık mantıklıydı. Her şey dahil konsepti parasının hakkını veriyordu. Spa ve wellness merkezi profesyonelce yönetiliyordu. Özel plaj alanı oldukça bakımlıydı. Toplam 6 km mesafede birçok misafir dostu restoran bulunuyor. Bodrum'un yat limanı manzarası balkondan izlenebiliyordu.
1019,"Şikâyetlerimiz anında çözüldü, yönetim hassastı. Çocuk havuzu ve kaydıraklar aileler için idealdi. Bodrum'un yat limanı manzarası balkondan izlenebiliyordu."
1019,Her şey dahil konsepti parasının hakkını veriyordu. Concierge hizmeti tur önerileri için çok yardımcıydı. Denize sıfır konumu sayesinde plaj erişimi mükemmeldi. Yatak konforlu ve yastıklar kaliteliydi. Bodrum'un yat limanı manzarası balkondan izlenebiliyordu.
1019,"Ses yalıtımı iyiydi, komşu seslerinden rahatsız olmadık. Otel plajı sakin ve özeldi, kalabalık değildi. Bodrum'un yat limanı manzarası balkondan izlenebiliyordu."
1019,Concierge hizmeti tur önerileri için çok yardımcıydı. A la carte menüsündeki deniz ürünleri tazeydi. Sonsuzluk havuzu muhteşem bir manzara sunuyordu. Her şey dahil konsepti parasının hakkını veriyordu. Toplam 6 km mesafede birçok misafir dostu restoran bulunuyor. Bodrum'un yat limanı manzarası balkondan izlenebiliyordu.
1020,"Odalar geniş ve ferahtı, temizliğe önem verilmişti. Ulaşım imkânları yeterliydi, servis düzenliydi. Masaj hizmetleri gerçekten rahatlatıcıydı. Harika bir tatil geçirdik.<br/>Kesinlikle tavsiye ederim. Bodrum'un yat limanı manzarası balkondan izlenebiliyordu."
1020,"Ulaşım imkânları yeterliydi, servis düzenliydi. Verilen ücret için beklentilerin üzerinde hizmet aldık. Masaj hizmetleri gerçekten rahatlatıcıydı. Plaj erişimi kolaydı.<br/>Deniz suyu temizdi. Toplam 6 km mesafede birçok misafir dostu restoran bulunuyor. Bodrum'un yat limanı manzarası balkondan izlenebiliyordu."
1020,Check-in ve check-out işlemleri hızlı ve sorunsuzdur. Her şey dahil konsepti parasının hakkını veriyordu. Oda servisi hızlı ve eksiksizdi. Bodrum'un yat limanı manzarası balkondan izlenebiliyordu.
1020,Concierge hizmeti tur önerileri için çok yardımcıydı. Otelden sahile yürüyerek kolayca ulaşılıyordu. Barbekü akşamları otelin en keyifli anıydı. Bodrum'un yat limanı manzarası balkondan izlenebiliyordu.
1021,Resepsiyon ekibi 7/24 ilgiliydi ve her sorumuzu çözüme kavuşturdu. Yatak konforlu ve yastıklar kaliteliydi. Masaj hizmetleri gerçekten rahatlatıcıydı. Şehir merkezine yürüme mesafesindeydi. Bodrum'un yat limanı manzarası balkondan izlenebiliyordu.
1021,Akşam yemekleri Türk mutfağının en güzel örneklerini sunuyordu. Fiyat-performans dengesi oldukça iyiydi. Personel güler yüzlü ve yardımseverdi. Toplam 9 km mesafede birçok misafir dostu restoran bulunuyor. Bodrum'un yat limanı manzarası balkondan izlenebiliyordu.
1021,Türk hamamı deneyimi unutulmazdı. Sonsuzluk havuzu muhteşem bir manzara sunuyordu. Şehir merkezine yürüme mesafesindeydi. Akşam yemekleri Türk mutfağının en güzel örneklerini sunuyordu. Plaj erişimi kolaydı.<br/>Deniz suyu temizdi. Bodrum'un yat limanı manzarası balkondan izlenebiliyordu.
1022,"Oda servisi hızlı ve eksiksizdi. Deniz suyu tertemizdi, <br/>plaj şezlonları çok rahattı. Verilen ücret için beklentilerin üzerinde hizmet aldık. Çevre düzenlemesi ve bahçesi son derece güzeldi. Bodrum'un yat limanı manzarası balkondan izlenebiliyordu."
1022,Restoran personeli oldukça ilgiliydi. Fitness merkezi modern ekipmanlarla donatılmıştı. Verilen ücret için beklentilerin üzerinde hizmet aldık. Bodrum'un yat limanı manzarası balkondan izlenebiliyordu.
1022,Banyoda jakuzi bulunması büyük artıydı. Tarihi alanlara ve müzelere çok yakındı. Ekstra ücretler şeffaf bir şekilde bildirildi. Bodrum'un yat limanı manzarası balkondan izlenebiliyordu.
1023,"Otel plajı sakin ve özeldi, kalabalık değildi. Personel güler yüzlü ve yardımseverdi. Banyoda jakuzi bulunması büyük artıydı. Bodrum'un yat limanı manzarası balkondan izlenebiliyordu."
1023,"Verilen ücret için beklentilerin üzerinde hizmet aldık. Özel plaj alanı oldukça bakımlıydı. Çevre düzenlemesi ve bahçesi son derece güzeldi. Şikâyetlerimiz anında çözüldü, yönetim hassastı. Oda temizliği mükemmeldi.<br/>Personel çok ilgiliydi. Toplam 4 km mesafede birçok misafir dostu restoran bulunuyor. Bodrum'un yat limanı manzarası balkondan izlenebiliyordu."
1023,Konum merkeze yaklaşık 2 km mesafedeydi. Sonsuzluk havuzu muhteşem bir manzara sunuyordu. Banyoda jakuzi bulunması büyük artıydı. Bodrum'un yat limanı manzarası balkondan izlenebiliyordu.
1024,"Açık büfe kahvaltı çok zengin ve tazeydi. Otel plajı sakin ve özeldi, kalabalık değildi. Otelden sahile yürüyerek kolayca ulaşılıyordu. Bodrum'un yat limanı manzarası balkondan izlenebiliyordu."
1024,"Otel plajı sakin ve özeldi, kalabalık değildi. Çevre düzenlemesi ve bahçesi son derece güzeldi. Toplam 8 km mesafede birçok misafir dostu restoran bulunuyor. Bodrum'un yat limanı manzarası balkondan izlenebiliyordu."
1024,Spa ve wellness merkezi profesyonelce yönetiliyordu. Özel plaj alanı oldukça bakımlıydı. Check-in ve check-out işlemleri hızlı ve sorunsuzdur. Bodrum'un yat limanı manzarası balkondan izlenebiliyordu.
1025,Verilen ücret için beklentilerin üzerinde hizmet aldık. Havalimanına olan uzaklık mantıklıydı. Harika bir tatil geçirdik.<br/>Kesinlikle tavsiye ederim. İzmir'in canlı yaşamı otele yansımış gibi hissettirdi.
1025,Banyoda jakuzi bulunması büyük artıydı. Çocuk havuzu ve kaydıraklar aileler için idealdi. Resepsiyon ekibi 7/24 ilgiliydi ve her sorumuzu çözüme kavuşturdu. Her şey dahil konsepti parasının hakkını veriyordu. İzmir'in canlı yaşamı otele yansımış gibi hissettirdi.
1025,Yatak konforlu ve yastıklar kaliteliydi. Denize sıfır konumu sayesinde plaj erişimi mükemmeldi. Türk hamamı deneyimi unutulmazdı. İzmir'in canlı yaşamı otele yansımış gibi hissettirdi.
1025,Spa ve wellness merkezi profesyonelce yönetiliyordu. Tarihi alanlara ve müzelere çok yakındı. İzmir'in canlı yaşamı otele yansımış gibi hissettirdi.
1026,Ekstra ücretler şeffaf bir şekilde bildirildi. Yatak konforlu ve yastıklar kaliteliydi. Özel plaj alanı oldukça bakımlıydı. İzmir'in canlı yaşamı otele yansımış gibi hissettirdi.
1026,Otelden sahile yürüyerek kolayca ulaşılıyordu. Yemek kalitesi fiyatıyla orantılıydı. İzmir'in canlı yaşamı otele yansımış gibi hissettirdi.
1026,"Erken rezervasyon indirimi sayesinde çok uygun fiyata kaldık. Tarihi alanlara ve müzelere çok yakındı. Restoran personeli oldukça ilgiliydi. Otel plajı sakin ve özeldi, kalabalık değildi. İzmir'in canlı yaşamı otele yansımış gibi hissettirdi."
1027,"Odalar geniş ve ferahtı, temizliğe önem verilmişti. Concierge hizmeti tur önerileri için çok yardımcıydı. Barbekü akşamları otelin en keyifli anıydı. Fitness merkezi modern ekipmanlarla donatılmıştı. Harika bir tatil geçirdik.<br/>Kesinlikle tavsiye ederim. Toplam 4 km mesafede birçok misafir dostu restoran bulunuyor. İzmir'in canlı yaşamı otele yansımış gibi hissettirdi."
1027,Tarihi alanlara ve müzelere çok yakındı. Ekstra ücretler şeffaf bir şekilde bildirildi. İzmir'in canlı yaşamı otele yansımış gibi hissettirdi.
1027,Özel plaj alanı oldukça bakımlıydı. Personel güler yüzlü ve yardımseverdi. Barbekü akşamları otelin en keyifli anıydı. İzmir'in canlı yaşamı otele yansımış gibi hissettirdi.
1027,Çevre düzenlemesi ve bahçesi son derece güzeldi. Sonsuzluk havuzu muhteşem bir manzara sunuyordu. Ekstra ücretler şeffaf bir şekilde bildirildi. İzmir'in canlı yaşamı otele yansımış gibi hissettirdi.
1028,"Şikâyetlerimiz anında çözüldü, yönetim hassastı. Yatak konforlu ve yastıklar kaliteliydi. Ulaşım imkânları yeterliydi, servis düzenliydi. Oda temizliği mükemmeldi.<br/>Personel çok ilgiliydi. Toplam 10 km mesafede birçok misafir dostu restoran bulunuyor. İzmir'in canlı yaşamı otele yansımış gibi hissettirdi."
1028,Masaj hizmetleri gerçekten rahatlatıcıydı. Konum merkeze yaklaşık 2 km mesafedeydi. Plaj erişimi kolaydı.<br/>Deniz suyu temizdi. İzmir'in canlı yaşamı otele yansımış gibi hissettirdi.
1028,Hamam ve sauna tesisleri mükemmel durumdaydı. Concierge hizmeti tur önerileri için çok yardımcıydı. Klima sistemi sorunsuz çalışıyordu. Toplam 6 km mesafede birçok misafir dostu restoran bulunuyor. İzmir'in canlı yaşamı otele yansımış gibi hissettirdi.
1029,"Concierge hizmeti tur önerileri için çok yardımcıydı. Deniz suyu tertemizdi, <br/>plaj şezlonları çok rahattı. Ekstra ücretler şeffaf bir şekilde bildirildi. İzmir'in canlı yaşamı otele yansımış gibi hissettirdi."
1029,Açık büfe kahvaltı çok zengin ve tazeydi. Denize sıfır konumu sayesinde plaj erişimi mükemmeldi. Fiyat-performans dengesi oldukça iyiydi. Balkon manzarası nefes kesiciydi. İzmir'in canlı yaşamı otele yansımış gibi hissettirdi.
1029,"Hamam ve sauna tesisleri mükemmel durumdaydı. Deniz suyu tertemizdi, <br/>plaj şezlonları çok rahattı. Ekstra ücretler şeffaf bir şekilde bildirildi. İzmir'in canlı yaşamı otele yansımış gibi hissettirdi."
1029,Türk hamamı deneyimi unutulmazdı. Restoran personeli oldukça ilgiliydi. İzmir'in canlı yaşamı otele yansımış gibi hissettirdi.
1030,Denize sıfır konumu sayesinde plaj erişimi mükemmeldi. Türkçe konuşan personel bulmak çok kolaylaştırdı iletişimi. İzmir'in canlı yaşamı otele yansımış gibi hissettirdi.
1030,Otelden sahile yürüyerek kolayca ulaşılıyordu. Ekstra ücretler şeffaf bir şekilde bildirildi. Plaj erişimi kolaydı.<br/>Deniz suyu temizdi. İzmir'in canlı yaşamı otele yansımış gibi hissettirdi.
1030,Barbekü akşamları otelin en keyifli anıydı. Havuz alanı çok geniş ve temizdi. Ekstra ücretler şeffaf bir şekilde bildirildi. Plaj erişimi kolaydı.<br/>Deniz suyu temizdi. İzmir'in canlı yaşamı otele yansımış gibi hissettirdi.
1031,Her şey dahil konsepti parasının hakkını veriyordu. Tarihi alanlara ve müzelere çok yakındı. Personel güler yüzlü ve yardımseverdi. Özel plaj alanı oldukça bakımlıydı. İzmir'in canlı yaşamı otele yansımış gibi hissettirdi.
1031,"Resepsiyon ekibi 7/24 ilgiliydi ve her sorumuzu çözüme kavuşturdu. Akşam yemekleri Türk mutfağının en güzel örneklerini sunuyordu. Ulaşım imkânları yeterliydi, servis düzenliydi. Verilen ücret için beklentilerin üzerinde hizmet aldık. Oda temizliği mükemmeldi.<br/>Personel çok ilgiliydi. Toplam 9 km mesafede birçok misafir dostu restoran bulunuyor. İzmir'in canlı yaşamı otele yansımış gibi hissettirdi."
1031,"Tarihi alanlara ve müzelere çok yakındı. Odalar geniş ve ferahtı, temizliğe önem verilmişti. Spa ve wellness merkezi profesyonelce yönetiliyordu. Restoran personeli oldukça ilgiliydi. İzmir'in canlı yaşamı otele yansımış gibi hissettirdi."
1032,Balkon manzarası nefes kesiciydi. Erken rezervasyon indirimi sayesinde çok uygun fiyata kaldık. Spa ve wellness merkezi profesyonelce yönetiliyordu. Sonsuzluk havuzu muhteşem bir manzara sunuyordu. İzmir'in canlı yaşamı otele yansımış gibi hissettirdi.
1032,Her şey dahil konsepti parasının hakkını veriyordu. Hamam ve sauna tesisleri mükemmel durumdaydı. Toplam 9 km mesafede birçok misafir dostu restoran bulunuyor. İzmir'in canlı yaşamı otele yansımış gibi hissettirdi.
1032,Her şey dahil konsepti parasının hakkını veriyordu. Denize sıfır konumu sayesinde plaj erişimi mükemmeldi. Toplam 4 km mesafede birçok misafir dostu restoran bulunuyor. İzmir'in canlı yaşamı otele yansımış gibi hissettirdi.
1032,"Masaj hizmetleri gerçekten rahatlatıcıydı. Şehir merkezine yürüme mesafesindeydi. Deniz suyu tertemizdi, <br/>plaj şezlonları çok rahattı. İzmir'in canlı yaşamı otele yansımış gibi hissettirdi."
1033,Türk hamamı deneyimi unutulmazdı. Çocuk havuzu ve kaydıraklar aileler için idealdi. Verilen ücret için beklentilerin üzerinde hizmet aldık. Akşam yemekleri Türk mutfağının en güzel örneklerini sunuyordu. Kapadokya'nın peri bacaları manzarası odadan görünüyordu.
1033,"Konum merkeze yaklaşık 2 km mesafedeydi. Spa ve wellness merkezi profesyonelce yönetiliyordu. Deniz suyu tertemizdi, <br/>plaj şezlonları çok rahattı. Şikâyetlerimiz anında çözüldü, yönetim hassastı. Kapadokya'nın peri bacaları manzarası odadan görünüyordu."
1033,Oda servisi hızlı ve eksiksizdi. Türk hamamı deneyimi unutulmazdı. Özel plaj alanı oldukça bakımlıydı. Erken rezervasyon indirimi sayesinde çok uygun fiyata kaldık. Kapadokya'nın peri bacaları manzarası odadan görünüyordu.
1033,Oda servisi hızlı ve eksiksizdi. Konum merkeze yaklaşık 2 km mesafedeydi. Verilen ücret için beklentilerin üzerinde hizmet aldık. Sonsuzluk havuzu muhteşem bir manzara sunuyordu. Kapadokya'nın peri bacaları manzarası odadan görünüyordu.
1034,A la carte menüsündeki deniz ürünleri tazeydi. Şehir merkezine yürüme mesafesindeydi. Personel güler yüzlü ve yardımseverdi. Türk hamamı deneyimi unutulmazdı. Kapadokya'nın peri bacaları manzarası odadan görünüyordu.
1034,"Denize sıfır konumu sayesinde plaj erişimi mükemmeldi. Şehir merkezine yürüme mesafesindeydi. Odalar geniş ve ferahtı, temizliğe önem verilmişti. Oda temizliği mükemmeldi.<br/>Personel çok ilgiliydi. Kapadokya'nın peri bacaları manzarası odadan görünüyordu."
1034,Sabah kahvaltıları için sunulan peynir ve zeytin çeşitleri harikaydı. Erken rezervasyon indirimi sayesinde çok uygun fiyata kaldık. Şehir merkezine yürüme mesafesindeydi. Kapadokya'nın peri bacaları manzarası odadan görünüyordu.
1034,"Odalar geniş ve ferahtı, temizliğe önem verilmişti. Fiyat-performans dengesi oldukça iyiydi. Çevre düzenlemesi ve bahçesi son derece güzeldi. Şikâyetlerimiz anında çözüldü, yönetim hassastı. Kapadokya'nın peri bacaları manzarası odadan görünüyordu."
1035,Sonsuzluk havuzu muhteşem bir manzara sunuyordu. Tarihi alanlara ve müzelere çok yakındı. Kapadokya'nın peri bacaları manzarası odadan görünüyordu.
1035,"Ulaşım imkânları yeterliydi, servis düzenliydi. Spa ve wellness merkezi profesyonelce yönetiliyordu. Sonsuzluk havuzu muhteşem bir manzara sunuyordu. Oda temizliği mükemmeldi.<br/>Personel çok ilgiliydi. Kapadokya'nın peri bacaları manzarası odadan görünüyordu."
1035,Konum merkeze yaklaşık 2 km mesafedeydi. Çocuk havuzu ve kaydıraklar aileler için idealdi. Banyoda jakuzi bulunması büyük artıydı. Plaj erişimi kolaydı.<br/>Deniz suyu temizdi. Kapadokya'nın peri bacaları manzarası odadan görünüyordu.
1035,"Masaj hizmetleri gerçekten rahatlatıcıydı. Ses yalıtımı iyiydi, komşu seslerinden rahatsız olmadık. Her şey dahil konsepti parasının hakkını veriyordu. Toplam 2 km mesafede birçok misafir dostu restoran bulunuyor. Kapadokya'nın peri bacaları manzarası odadan görünüyordu."
1036,"Erken rezervasyon indirimi sayesinde çok uygun fiyata kaldık. Ulaşım imkânları yeterliydi, servis düzenliydi. Hamam ve sauna tesisleri mükemmel durumdaydı. Plaj erişimi kolaydı.<br/>Deniz suyu temizdi. Kapadokya'nın peri bacaları manzarası odadan görünüyordu."
1036,Denize sıfır konumu sayesinde plaj erişimi mükemmeldi. Erken rezervasyon indirimi sayesinde çok uygun fiyata kaldık. Kapadokya'nın peri bacaları manzarası odadan görünüyordu.
1036,Hamam ve sauna tesisleri mükemmel durumdaydı. Erken rezervasyon indirimi sayesinde çok uygun fiyata kaldık. Kapadokya'nın peri bacaları manzarası odadan görünüyordu.
1036,Türk hamamı deneyimi unutulmazdı. Personel güler yüzlü ve yardımseverdi. Tarihi alanlara ve müzelere çok yakındı. Kapadokya'nın peri bacaları manzarası odadan görünüyordu.
1037,"Erken rezervasyon indirimi sayesinde çok uygun fiyata kaldık. Deniz suyu tertemizdi, <br/>plaj şezlonları çok rahattı. Konum merkeze yaklaşık 2 km mesafedeydi. Kapadokya'nın peri bacaları manzarası odadan görünüyordu."
1037,"Erken rezervasyon indirimi sayesinde çok uygun fiyata kaldık. Concierge hizmeti tur önerileri için çok yardımcıydı. Otel plajı sakin ve özeldi, kalabalık değildi. Ses yalıtımı iyiydi, komşu seslerinden rahatsız olmadık. Kapadokya'nın peri bacaları manzarası odadan görünüyordu."
1037,Hamam ve sauna tesisleri mükemmel durumdaydı. Banyoda jakuzi bulunması büyük artıydı. Kapadokya'nın peri bacaları manzarası odadan görünüyordu.
1037,"Açık büfe kahvaltı çok zengin ve tazeydi. Şikâyetlerimiz anında çözüldü, yönetim hassastı. Fiyat-performans dengesi oldukça iyiydi. Oda temizliği mükemmeldi.<br/>Personel çok ilgiliydi. Kapadokya'nın peri bacaları manzarası odadan görünüyordu."
1038,"Şikâyetlerimiz anında çözüldü, yönetim hassastı. Barbekü akşamları otelin en keyifli anıydı. Banyoda jakuzi bulunması büyük artıydı. Kapadokya'nın peri bacaları manzarası odadan görünüyordu."
1038,"Şikâyetlerimiz anında çözüldü, yönetim hassastı. Özel plaj alanı oldukça bakımlıydı. Yemek kalitesi fiyatıyla orantılıydı. Fitness merkezi modern ekipmanlarla donatılmıştı. Kapadokya'nın peri bacaları manzarası odadan görünüyordu."
1038,Yatak konforlu ve yastıklar kaliteliydi. Türk hamamı deneyimi unutulmazdı. Kapadokya'nın peri bacaları manzarası odadan görünüyordu.
1039,Banyoda jakuzi bulunması büyük artıydı. Restoran personeli oldukça ilgiliydi. Check-in ve check-out işlemleri hızlı ve sorunsuzdur. Havalimanına olan uzaklık mantıklıydı. Kapadokya'nın peri bacaları manzarası odadan görünüyordu.
1039,"Personel güler yüzlü ve yardımseverdi. Banyoda jakuzi bulunması büyük artıydı. Ulaşım imkânları yeterliydi, servis düzenliydi. Erken rezervasyon indirimi sayesinde çok uygun fiyata kaldık. Kapadokya'nın peri bacaları manzarası odadan görünüyordu."
1039,Yatak konforlu ve yastıklar kaliteliydi. Fiyat-performans dengesi oldukça iyiydi. Havalimanına olan uzaklık mantıklıydı. Yemek kalitesi fiyatıyla orantılıydı. Oda temizliği mükemmeldi.<br/>Personel çok ilgiliydi. Kapadokya'nın peri bacaları manzarası odadan görünüyordu.
1039,Banyoda jakuzi bulunması büyük artıydı. Yemek kalitesi fiyatıyla orantılıydı. Personel güler yüzlü ve yardımseverdi. Şehir merkezine yürüme mesafesindeydi. Plaj erişimi kolaydı.<br/>Deniz suyu temizdi. Kapadokya'nın peri bacaları manzarası odadan görünüyordu.
1040,Check-in ve check-out işlemleri hızlı ve sorunsuzdur. Hamam ve sauna tesisleri mükemmel durumdaydı. Oda temizliği mükemmeldi.<br/>Personel çok ilgiliydi. Kapadokya'nın peri bacaları manzarası odadan görünüyordu.
1040,"Havuz alanı çok geniş ve temizdi. Şikâyetlerimiz anında çözüldü, yönetim hassastı. Akşam yemekleri Türk mutfağının en güzel örneklerini sunuyordu. Kapadokya'nın peri bacaları manzarası odadan görünüyordu."
1040,"Ses yalıtımı iyiydi, komşu seslerinden rahatsız olmadık. Personel güler yüzlü ve yardımseverdi. Restoran personeli oldukça ilgiliydi. Toplam 2 km mesafede birçok misafir dostu restoran bulunuyor. Kapadokya'nın peri bacaları manzarası odadan görünüyordu."
1041,Türkçe konuşan personel bulmak çok kolaylaştırdı iletişimi. Verilen ücret için beklentilerin üzerinde hizmet aldık. Havuz alanı çok geniş ve temizdi. Barbekü akşamları otelin en keyifli anıydı. Marmaris körfezinin berrak suları otelin hemen önündeydi.
1041,Erken rezervasyon indirimi sayesinde çok uygun fiyata kaldık. Tarihi alanlara ve müzelere çok yakındı. Çocuk havuzu ve kaydıraklar aileler için idealdi. Spa ve wellness merkezi profesyonelce yönetiliyordu. Marmaris körfezinin berrak suları otelin hemen önündeydi.
1041,Türkçe konuşan personel bulmak çok kolaylaştırdı iletişimi. Hamam ve sauna tesisleri mükemmel durumdaydı. Her şey dahil konsepti parasının hakkını veriyordu. Toplam 2 km mesafede birçok misafir dostu restoran bulunuyor. Marmaris körfezinin berrak suları otelin hemen önündeydi.
1042,Concierge hizmeti tur önerileri için çok yardımcıydı. Yatak konforlu ve yastıklar kaliteliydi. Toplam 6 km mesafede birçok misafir dostu restoran bulunuyor. Marmaris körfezinin berrak suları otelin hemen önündeydi.
1042,"Hamam ve sauna tesisleri mükemmel durumdaydı. Şikâyetlerimiz anında çözüldü, yönetim hassastı. Barbekü akşamları otelin en keyifli anıydı. Marmaris körfezinin berrak suları otelin hemen önündeydi."
1042,Fitness merkezi modern ekipmanlarla donatılmıştı. Otelden sahile yürüyerek kolayca ulaşılıyordu. Havuz alanı çok geniş ve temizdi. Harika bir tatil geçirdik.<br/>Kesinlikle tavsiye ederim. Marmaris körfezinin berrak suları otelin hemen önündeydi.
1042,Sonsuzluk havuzu muhteşem bir manzara sunuyordu. Şehir merkezine yürüme mesafesindeydi. Marmaris körfezinin berrak suları otelin hemen önündeydi.
1043,Spa ve wellness merkezi profesyonelce yönetiliyordu. Personel güler yüzlü ve yardımseverdi. Erken rezervasyon indirimi sayesinde çok uygun fiyata kaldık. Toplam 2 km mesafede birçok misafir dostu restoran bulunuyor. Marmaris körfezinin berrak suları otelin hemen önündeydi.
1043,Otelden sahile yürüyerek kolayca ulaşılıyordu. Sabah kahvaltıları için sunulan peynir ve zeytin çeşitleri harikaydı. Oda servisi hızlı ve eksiksizdi. Marmaris körfezinin berrak suları otelin hemen önündeydi.
1043,Şehir merkezine yürüme mesafesindeydi. Verilen ücret için beklentilerin üzerinde hizmet aldık. Fitness merkezi modern ekipmanlarla donatılmıştı. Akşam yemekleri Türk mutfağının en güzel örneklerini sunuyordu. Marmaris körfezinin berrak suları otelin hemen önündeydi.
1043,"Klima sistemi sorunsuz çalışıyordu. Şikâyetlerimiz anında çözüldü, yönetim hassastı. Hamam ve sauna tesisleri mükemmel durumdaydı. Marmaris körfezinin berrak suları otelin hemen önündeydi."
1044,"Banyoda jakuzi bulunması büyük artıydı. Spa ve wellness merkezi profesyonelce yönetiliyordu. Konum merkeze yaklaşık 2 km mesafedeydi. Otel plajı sakin ve özeldi, kalabalık değildi. Marmaris körfezinin berrak suları otelin hemen önündeydi."
1044,Türk hamamı deneyimi unutulmazdı. A la carte menüsündeki deniz ürünleri tazeydi. Resepsiyon ekibi 7/24 ilgiliydi ve her sorumuzu çözüme kavuşturdu. Otelden sahile yürüyerek kolayca ulaşılıyordu. Plaj erişimi kolaydı.<br/>Deniz suyu temizdi. Marmaris körfezinin berrak suları otelin hemen önündeydi.
1044,Banyoda jakuzi bulunması büyük artıydı. Sonsuzluk havuzu muhteşem bir manzara sunuyordu. Ekstra ücretler şeffaf bir şekilde bildirildi. Sabah kahvaltıları için sunulan peynir ve zeytin çeşitleri harikaydı. Oda temizliği mükemmeldi.<br/>Personel çok ilgiliydi. Marmaris körfezinin berrak suları otelin hemen önündeydi.
1045,"Deniz suyu tertemizdi, <br/>plaj şezlonları çok rahattı. Balkon manzarası nefes kesiciydi. Tarihi alanlara ve müzelere çok yakındı. Fiyat-performans dengesi oldukça iyiydi. Oda temizliği mükemmeldi.<br/>Personel çok ilgiliydi. Marmaris körfezinin berrak suları otelin hemen önündeydi."
1045,Özel plaj alanı oldukça bakımlıydı. Ekstra ücretler şeffaf bir şekilde bildirildi. Balkon manzarası nefes kesiciydi. Check-in ve check-out işlemleri hızlı ve sorunsuzdur. Marmaris körfezinin berrak suları otelin hemen önündeydi.
1045,"Ses yalıtımı iyiydi, komşu seslerinden rahatsız olmadık. Çevre düzenlemesi ve bahçesi son derece güzeldi. Ekstra ücretler şeffaf bir şekilde bildirildi. Spa ve wellness merkezi profesyonelce yönetiliyordu. Marmaris körfezinin berrak suları otelin hemen önündeydi."
1045,"Akşam yemekleri Türk mutfağının en güzel örneklerini sunuyordu. Şikâyetlerimiz anında çözüldü, yönetim hassastı. Çevre düzenlemesi ve bahçesi son derece güzeldi. Çocuk havuzu ve kaydıraklar aileler için idealdi. Harika bir tatil geçirdik.<br/>Kesinlikle tavsiye ederim. Marmaris körfezinin berrak suları otelin hemen önündeydi."
1046,"Klima sistemi sorunsuz çalışıyordu. Şikâyetlerimiz anında çözüldü, yönetim hassastı. Fitness merkezi modern ekipmanlarla donatılmıştı. Marmaris körfezinin berrak suları otelin hemen önündeydi."
1046,"Yemek kalitesi fiyatıyla orantılıydı. Ulaşım imkânları yeterliydi, servis düzenliydi. Fiyat-performans dengesi oldukça iyiydi. Plaj erişimi kolaydı.<br/>Deniz suyu temizdi. Marmaris körfezinin berrak suları otelin hemen önündeydi."
1046,Açık büfe kahvaltı çok zengin ve tazeydi. Fiyat-performans dengesi oldukça iyiydi. Marmaris körfezinin berrak suları otelin hemen önündeydi.
1047,Türkçe konuşan personel bulmak çok kolaylaştırdı iletişimi. Sonsuzluk havuzu muhteşem bir manzara sunuyordu. Harika bir tatil geçirdik.<br/>Kesinlikle tavsiye ederim. Marmaris körfezinin berrak suları otelin hemen önündeydi.
1047,Restoran personeli oldukça ilgiliydi. Hamam ve sauna tesisleri mükemmel durumdaydı. Marmaris körfezinin berrak suları otelin hemen önündeydi.
1047,Hamam ve sauna tesisleri mükemmel durumdaydı. Erken rezervasyon indirimi sayesinde çok uygun fiyata kaldık. Şehir merkezine yürüme mesafesindeydi. Marmaris körfezinin berrak suları otelin hemen önündeydi.
1048,"Tarihi alanlara ve müzelere çok yakındı. Deniz suyu tertemizdi, <br/>plaj şezlonları çok rahattı. Hamam ve sauna tesisleri mükemmel durumdaydı. Marmaris körfezinin berrak suları otelin hemen önündeydi."
1048,"Otel plajı sakin ve özeldi, kalabalık değildi. Tarihi alanlara ve müzelere çok yakındı. Yatak konforlu ve yastıklar kaliteliydi. Marmaris körfezinin berrak suları otelin hemen önündeydi."
1048,Klima sistemi sorunsuz çalışıyordu. Akşam yemekleri Türk mutfağının en güzel örneklerini sunuyordu. Hamam ve sauna tesisleri mükemmel durumdaydı. Marmaris körfezinin berrak suları otelin hemen önündeydi.
1048,Sonsuzluk havuzu muhteşem bir manzara sunuyordu. Türk hamamı deneyimi unutulmazdı. Banyoda jakuzi bulunması büyük artıydı. Harika bir tatil geçirdik.<br/>Kesinlikle tavsiye ederim. Marmaris körfezinin berrak suları otelin hemen önündeydi.
1049,"Çocuk havuzu ve kaydıraklar aileler için idealdi. Oda servisi hızlı ve eksiksizdi. Ulaşım imkânları yeterliydi, servis düzenliydi. Verilen ücret için beklentilerin üzerinde hizmet aldık. Oda temizliği mükemmeldi.<br/>Personel çok ilgiliydi. İstanbul'un tarihi dokusu otelin yakınında hissediliyordu."
1049,Sonsuzluk havuzu muhteşem bir manzara sunuyordu. Verilen ücret için beklentilerin üzerinde hizmet aldık. Barbekü akşamları otelin en keyifli anıydı. Masaj hizmetleri gerçekten rahatlatıcıydı. İstanbul'un tarihi dokusu otelin yakınında hissediliyordu.
1049,Açık büfe kahvaltı çok zengin ve tazeydi. Concierge hizmeti tur önerileri için çok yardımcıydı. İstanbul'un tarihi dokusu otelin yakınında hissediliyordu.
1049,Concierge hizmeti tur önerileri için çok yardımcıydı. Hamam ve sauna tesisleri mükemmel durumdaydı. İstanbul'un tarihi dokusu otelin yakınında hissediliyordu.
1050,Oda servisi hızlı ve eksiksizdi. Erken rezervasyon indirimi sayesinde çok uygun fiyata kaldık. Masaj hizmetleri gerçekten rahatlatıcıydı. İstanbul'un tarihi dokusu otelin yakınında hissediliyordu.
1050,"Ses yalıtımı iyiydi, komşu seslerinden rahatsız olmadık. Otel plajı sakin ve özeldi, kalabalık değildi. Erken rezervasyon indirimi sayesinde çok uygun fiyata kaldık. İstanbul'un tarihi dokusu otelin yakınında hissediliyordu."
1050,"Deniz suyu tertemizdi, <br/>plaj şezlonları çok rahattı. Hamam ve sauna tesisleri mükemmel durumdaydı. Açık büfe kahvaltı çok zengin ve tazeydi. İstanbul'un tarihi dokusu otelin yakınında hissediliyordu."
1050,Check-in ve check-out işlemleri hızlı ve sorunsuzdur. Yatak konforlu ve yastıklar kaliteliydi. Şehir merkezine yürüme mesafesindeydi. A la carte menüsündeki deniz ürünleri tazeydi. İstanbul'un tarihi dokusu otelin yakınında hissediliyordu.
